Workbook

Sheet indice
B2: precio_carne
B3: remuneraciones
B4: ipc

Sheet precio_carne
A1: fecha | B1: asado | C1: bife_angosto | D1: picada | E1: cuadril
A2: 35065 | B2: 3.73 | C2: 4.23 | D2: 2.43 | E2: 4.94
A3: 35096 | B3: 3.7 | C3: 4.21 | D3: 2.42 | E3: 4.9
A4: 35125 | B4: 3.68 | C4: 4.17 | D4: 2.39 | E4: 4.87
A5: 35156 | B5: 3.68 | C5: 4.18 | D5: 2.4 | E5: 4.88
A6: 35186 | B6: 3.66 | C6: 4.15 | D6: 2.39 | E6: 4.88
A7: 35217 | B7: 3.65 | C7: 4.14 | D7: 2.39 | E7: 4.85
A8: 35247 | B8: 3.62 | C8: 4.12 | D8: 2.4 | E8: 4.81
A9: 35278 | B9: 3.58 | C9: 4.1 | D9: 2.38 | E9: 4.78
A10: 35309 | B10: 3.54 | C10: 4.05 | D10: 2.35 | E10: 4.74
A11: 35339 | B11: 3.52 | C11: 4.07 | D11: 2.31 | E11: 4.73
A12: 35370 | B12: 3.53 | C12: 4.05 | D12: 2.28 | E12: 4.71
A13: 35400 | B13: 3.59 | C13: 4.06 | D13: 2.27 | E13: 4.72
... A361: 45992 | B361: 15340 | C361: 15247 | D361: 8636.6 | E361: 17306

Sheet remuneraciones
A1: periodo | B1: remuneracion_des
A2: 35065 | B2: 936.4225 | D2: =B2/precio_carne!B2 -> 251.05161
A3: 35096 | B3: 884.04333 | D3: =B3/precio_carne!B3 -> 238.93063
A4: 35125 | B4: 875.26833 | D4: =B4/precio_carne!B4 -> 237.84466
A5: 35156 | B5: 863.76333 | D5: =B5/precio_carne!B5 -> 234.7183
A6: 35186 | B6: 872.21333 | D6: =B6/precio_carne!B6 -> 238.30965
A7: 35217 | B7: 847.21 | D7: =B7/precio_carne!B7 -> 232.11233
A8: 35247 | B8: 867.93417 | D8: =B8/precio_carne!B8 -> 239.76082
A9: 35278 | B9: 869.245 | D9: =B9/precio_carne!B9 -> 242.80587
A10: 35309 | B10: 870.32833 | D10: =B10/precio_carne!B10 -> 245.85546
A11: 35339 | B11: 874.26083 | D11: =B11/precio_carne!B11 -> 248.36955
A12: 35370 | B12: 866.63417 | D12: =B12/precio_carne!B12 -> 245.50543
A13: 35400 | B13: 871.41167 | D13: =B13/precio_carne!B13 -> 242.73305
... A361: 45992 | B361: 1898192.3 | D361: =B361/precio_carne!B361 -> 123.74135
A362: 46023
A363: 46054
A364: 46082
A365: 46113
A366: 46143
A367: 46174

Sheet ipc
A1: periodo | B1: general | C1: alimentos | D1: alcohol | E1: vestimenta | F1: vivienda | G1: hogar | H1: salud | I1: transporte | J1: comunicacion | K1: cultura | L1: educacion | M1: turismo | N1: varios
A2: 35065 | B2: 5.0092224 | C2: 4.0921072 | D2: 3.8326677 | E2: 5.6893359 | F2: 6.4489283 | G2: 5.4800075 | H2: 7.0408416 | I2: 7.4659462 | K2: 5.310874 | L2: 5.3997177 | N2: 5.7162746
A3: 35096 | B3: 4.9929442 | C3: 4.0626895 | D3: 3.8207176 | E3: 5.6196179 | F3: 6.4578933 | G3: 5.4741143 | H3: 7.0468374 | I3: 7.4738177 | K3: 5.2914332 | L3: 5.398761 | N3: 5.7198892
A4: 35125 | B4: 4.9660076 | C4: 4.0284778 | D4: 3.7486809 | E4: 5.6458609 | F4: 6.4487901 | G4: 5.4677879 | H4: 7.0488284 | I4: 7.4713589 | K4: 5.1090545 | L4: 5.4479916 | N4: 5.7186123
A5: 35156 | B5: 4.9660835 | C5: 4.0302105 | D5: 3.7686381 | E5: 5.6666498 | F5: 6.4247134 | G5: 5.4666628 | H5: 7.0517812 | I5: 7.5074534 | K5: 5.0701628 | L5: 5.4373199 | N5: 5.7514459
A6: 35186 | B6: 4.9616545 | C6: 4.0180458 | D6: 3.8207869 | E6: 5.6786577 | F6: 6.4409424 | G6: 5.4652015 | H6: 7.0398799 | I6: 7.5465066 | K6: 5.003785 | L6: 5.4581912 | N6: 5.7929003
A7: 35217 | B7: 4.9617833 | C7: 4.0204593 | D7: 3.8118378 | E7: 5.6694757 | F7: 6.4406214 | G7: 5.4603702 | H7: 7.0388181 | I7: 7.5352489 | K7: 5.0167093 | L7: 5.4575903 | N7: 5.7865739
A8: 35247 | B8: 4.9886856 | C8: 4.0673598 | D8: 3.8189243 | E8: 5.6268527 | F8: 6.4354775 | G8: 5.4599075 | H8: 7.035235 | I8: 7.5251742 | K8: 5.1368658 | L8: 5.4594985 | N8: 5.7851488
A9: 35278 | B9: 4.9848218 | C9: 4.0830404 | D9: 3.8195265 | E9: 5.551464 | F9: 6.4415147 | G9: 5.4544225 | H9: 7.0262046 | I9: 7.5183767 | K9: 5.0781214 | L9: 5.4588816 | N9: 5.7723515
A10: 35309 | B10: 4.9938731 | C10: 4.1129935 | D10: 3.8289845 | E10: 5.5487591 | F10: 6.4549118 | G10: 5.4531708 | H10: 7.0361953 | I10: 7.5216587 | K10: 5.0238225 | L10: 5.4551301 | N10: 5.7656275
A11: 35339 | B11: 5.0190466 | C11: 4.0880164 | D11: 3.8572012 | E11: 5.5531157 | F11: 6.4613259 | G11: 5.4459277 | H11: 7.0390352 | I11: 8.1245273 | K11: 5.0449736 | L11: 5.4546709 | N11: 5.7591677
A12: 35370 | B12: 5.0112514 | C12: 4.0697854 | D12: 3.8576595 | E12: 5.5480482 | F12: 6.4332843 | G12: 5.4434057 | H12: 7.0341238 | I12: 8.1429073 | K12: 5.0680291 | L12: 5.4534563 | N12: 5.7538934
A13: 35400 | B13: 4.9969629 | C13: 4.0364025 | D13: 3.8516912 | E13: 5.5322802 | F13: 6.409604 | G13: 5.4398359 | H13: 7.0366465 | I13: 8.1415526 | K13: 5.1000827 | L13: 5.453403 | N13: 5.7471311
... A252: 42675 | B252: 98.145634 | C252: 98.367811 | D252: 98.496432 | E252: 101.30455 | F252: 97.621271 | G252: 97.421406 | H252: 99.002865 | I252: 97.826401 | K252: 97.29796 | L252: 100 | N252: 98.146067
A253: 42705 | B253: 100 | C253: 100 | D253: 100 | E253: 100 | F253: 100 | G253: 100 | H253: 100 | I253: 100 | J253: 100 | K253: 100 | L253: 100 | M253: 100 | N253: 100
A254: 42736 | B254: 101.5859 | C254: 101.3024 | D254: 100.925 | E254: 99.0066 | F254: 101.4784 | G254: 100.8773 | H254: 102.3501 | I254: 102.0755 | J254: 103.0516 | K254: 103.1906 | L254: 100.7952 | M254: 103.1002 | N254: 101.9345
A255: 42767 | B255: 103.6859 | C255: 103.1605 | D255: 105.2395 | E255: 98.8523 | F255: 107.0014 | G255: 101.3278 | H255: 105.0852 | I255: 103.9957 | J255: 107.2514 | K255: 103.7961 | L255: 103.9808 | M255: 104.8886 | N255: 103.7951
A256: 42795 | B256: 106.1476 | C256: 106.0143 | D256: 107.2901 | E256: 102.255 | F256: 110.8463 | G256: 102.1787 | H256: 107.1422 | I256: 105.2177 | J256: 110.6933 | K256: 105.5114 | L256: 115.3409 | M256: 105.9567 | N256: 105.6633
A257: 42826 | B257: 108.9667 | C257: 108.3515 | D257: 109.8338 | E257: 106.8806 | F257: 117.4108 | G257: 103.3147 | H257: 109.052 | I257: 105.8674 | J257: 118.2686 | K257: 108.2881 | L257: 118.6783 | M257: 107.9795 | N257: 107.5442
A258: 42856 | B258: 110.5301 | C258: 109.7631 | D258: 111.7182 | E258: 108.726 | F258: 119.5207 | G258: 106.1577 | H258: 110.7256 | I258: 106.8575 | J258: 118.6553 | K258: 109.0808 | L258: 120.69 | M258: 109.5541 | N258: 108.9336
A259: 42887 | B259: 111.8477 | C259: 110.7483 | D259: 112.4572 | E259: 109.6911 | F259: 121.6359 | G259: 107.4904 | H259: 112.3558 | I259: 107.5925 | J259: 120.1049 | K259: 111.6195 | L259: 121.8757 | M259: 110.9475 | N259: 110.3729
A260: 42917 | B260: 113.7852 | C260: 112.0115 | D260: 115.794 | E260: 108.3524 | F260: 124.0879 | G260: 110.0984 | H260: 116.0848 | I260: 109.9058 | J260: 121.2281 | K260: 115.609 | L260: 122.8868 | M260: 113.777 | N260: 111.8348
A261: 42948 | B261: 115.3819 | C261: 114.3467 | D261: 117.3256 | E261: 107.6769 | F261: 126.7648 | G261: 111.1513 | H261: 119.0025 | I261: 111.0994 | J261: 123.052 | K261: 116.3997 | L261: 125.3185 | M261: 114.5928 | N261: 113.6021
A262: 42979 | B262: 117.5719 | C262: 116.4048 | D262: 118.1383 | E262: 111.7682 | F262: 129.2656 | G262: 112.2879 | H262: 121.8977 | I262: 111.9943 | J262: 124.3454 | K262: 119.536 | L262: 129.9791 | M262: 116.2141 | N262: 115.4941
A263: 43009 | B263: 119.3528 | C263: 118.1646 | D263: 121.695 | E263: 114.138 | F263: 130.4139 | G263: 113.0973 | H263: 123.2121 | I263: 113.4318 | J263: 130.9342 | K263: 121.032 | L263: 131.0253 | M263: 117.834 | N263: 117.0803
A264: 43040 | B264: 120.994 | C264: 119.5688 | D264: 123.0467 | E264: 115.6644 | F264: 132.0294 | G264: 114.1215 | H264: 124.8225 | I264: 116.8496 | J264: 131.8833 | K264: 121.8725 | L264: 131.4832 | M264: 119.9896 | N264: 118.5168
... A361: 45992 | B361: 10121.37 | C361: 10748.41 | D361: 7499.35 | E361: 7861.32 | F361: 10561.76 | G361: 8436.9 | H361: 11335.16 | I361: 10712.08 | J361: 9271.06 | K361: 9118.04 | L361: 8851.31 | M361: 12333.02 | N361: 9875.41
A362: 46023
A363: 46054
A364: 46082
A365: 46113
A366: 46143
A367: 46174
A368: 46204
